-- phpMyAdmin SQL Dump
-- version 4.7.4
-- https://www.phpmyadmin.net/
--
-- Servidor: 127.0.0.1
-- Tiempo de generación: 04-12-2023 a las 18:33:51
-- Versión del servidor: 10.1.28-MariaDB
-- Versión de PHP: 5.6.32

SET SQL_MODE = "NO_AUTO_VALUE_ON_ZERO";
SET AUTOCOMMIT = 0;
START TRANSACTION;
SET time_zone = "+00:00";


/*!40101 SET @OLD_CHARACTER_SET_CLIENT=@@CHARACTER_SET_CLIENT */;
/*!40101 SET @OLD_CHARACTER_SET_RESULTS=@@CHARACTER_SET_RESULTS */;
/*!40101 SET @OLD_COLLATION_CONNECTION=@@COLLATION_CONNECTION */;
/*!40101 SET NAMES utf8mb4 */;

--
-- Base de datos: `bd_celulares`
--

-- --------------------------------------------------------

--
-- Estructura de tabla para la tabla `cliente`
--

CREATE TABLE `cliente` (
  `idcliente` int(11) NOT NULL,
  `nombre` varchar(100) COLLATE utf8_spanish_ci NOT NULL,
  `apellidop` varchar(100) COLLATE utf8_spanish_ci NOT NULL,
  `apellidom` varchar(100) COLLATE utf8_spanish_ci NOT NULL,
  `telefono` varchar(100) COLLATE utf8_spanish_ci NOT NULL,
  `direccion` varchar(100) COLLATE utf8_spanish_ci NOT NULL,
  `email` varchar(100) COLLATE utf8_spanish_ci NOT NULL,
  `edad` int(100) NOT NULL
) ENGINE=InnoDB DEFAULT CHARSET=utf8 COLLATE=utf8_spanish_ci;

--
-- Volcado de datos para la tabla `cliente`
--

INSERT INTO `cliente` (`idcliente`, `nombre`, `apellidop`, `apellidom`, `telefono`, `direccion`, `email`, `edad`) VALUES
(21, 'Jonathan', 'Acevedo', 'Castro', '6562387652', 'J.Dozal', 'jona@gmail.com', 18),
(22, 'David', 'Arellano', 'Gamon', '654456455', 'Melon 1232', 'david@gmail.com', 17),
(23, 'Jesus', 'De', 'Nazaret', '6561231233', 'Colon 5431', 'Jesus@gmail.com', 42),
(24, 'Cris', 'Perez', 'Romero', '12343212', 'Oro 1232', 'peres@gmail.com', 22),
(25, 'Tony', 'soto', 'Valles', '233412322', 'Plata 1232', 'tony@gmail.com', 33);

-- --------------------------------------------------------

--
-- Estructura de tabla para la tabla `configuracion`
--

CREATE TABLE `configuracion` (
  `id` int(11) NOT NULL,
  `nombre` varchar(100) COLLATE utf8_spanish_ci NOT NULL,
  `telefono` varchar(15) COLLATE utf8_spanish_ci NOT NULL,
  `email` varchar(100) COLLATE utf8_spanish_ci NOT NULL,
  `direccion` text COLLATE utf8_spanish_ci NOT NULL
) ENGINE=InnoDB DEFAULT CHARSET=utf8 COLLATE=utf8_spanish_ci;

--
-- Volcado de datos para la tabla `configuracion`
--

INSERT INTO `configuracion` (`id`, `nombre`, `telefono`, `email`, `direccion`) VALUES
(1, 'Celulares (Apple)', '98745698', 'jonaacevedo1999@gamil.com', 'Acevedo');

-- --------------------------------------------------------

--
-- Estructura de tabla para la tabla `detalle_permisos`
--

CREATE TABLE `detalle_permisos` (
  `id` int(11) NOT NULL,
  `id_permiso` int(11) NOT NULL,
  `id_usuario` int(11) NOT NULL
) ENGINE=InnoDB DEFAULT CHARSET=utf8mb4;

-- --------------------------------------------------------

--
-- Estructura de tabla para la tabla `detalle_temp`
--

CREATE TABLE `detalle_temp` (
  `id` int(11) NOT NULL,
  `id_usuario` int(11) NOT NULL,
  `id_producto` int(11) NOT NULL,
  `cantidad` int(11) NOT NULL,
  `descuento` decimal(10,2) NOT NULL DEFAULT '0.00',
  `precio_venta` decimal(10,2) NOT NULL,
  `total` decimal(10,2) NOT NULL
) ENGINE=InnoDB DEFAULT CHARSET=utf8 COLLATE=utf8_spanish_ci;

-- --------------------------------------------------------

--
-- Estructura de tabla para la tabla `detalle_venta`
--

CREATE TABLE `detalle_venta` (
  `id` int(11) NOT NULL,
  `id_producto` int(11) NOT NULL,
  `id_venta` int(11) NOT NULL,
  `cantidad` int(11) NOT NULL,
  `descuento` decimal(10,2) NOT NULL DEFAULT '0.00',
  `precio` decimal(10,2) NOT NULL,
  `total` decimal(10,2) NOT NULL DEFAULT '0.00'
) ENGINE=InnoDB DEFAULT CHARSET=utf8mb4;

--
-- Volcado de datos para la tabla `detalle_venta`
--

INSERT INTO `detalle_venta` (`id`, `id_producto`, `id_venta`, `cantidad`, `descuento`, `precio`, `total`) VALUES
(10, 19, 12, 12, '0.00', '20000.00', '240000.00');

-- --------------------------------------------------------

--
-- Estructura de tabla para la tabla `laboratorios`
--

CREATE TABLE `laboratorios` (
  `id` int(11) NOT NULL,
  `laboratorio` varchar(100) NOT NULL,
  `direccion` varchar(50) NOT NULL
) ENGINE=InnoDB DEFAULT CHARSET=utf8mb4;

--
-- Volcado de datos para la tabla `laboratorios`
--

INSERT INTO `laboratorios` (`id`, `laboratorio`, `direccion`) VALUES
(6, '8GB RAM', 'GB'),
(7, '12GB RAM', 'GB'),
(8, '16GB RAM', 'GIGABYTE'),
(9, '32GB RAM ', 'GIGABYTE'),
(10, '4GB RAM', 'GIGABYTE'),
(11, '2GB RAM ', 'GIGABYTE');

-- --------------------------------------------------------

--
-- Estructura de tabla para la tabla `permisos`
--

CREATE TABLE `permisos` (
  `id` int(11) NOT NULL,
  `nombre` varchar(30) NOT NULL
) ENGINE=InnoDB DEFAULT CHARSET=utf8mb4;

--
-- Volcado de datos para la tabla `permisos`
--

INSERT INTO `permisos` (`id`, `nombre`) VALUES
(1, 'configuración'),
(2, 'usuarios'),
(3, 'clientes'),
(4, 'productos'),
(5, 'ventas'),
(6, 'nueva_venta'),
(7, 'tipos'),
(8, 'presentacion'),
(9, 'laboratorios');

-- --------------------------------------------------------

--
-- Estructura de tabla para la tabla `presentacion`
--

CREATE TABLE `presentacion` (
  `id` int(11) NOT NULL,
  `nombre` varchar(100) NOT NULL,
  `nombre_corto` varchar(10) NOT NULL
) ENGINE=InnoDB DEFAULT CHARSET=utf8mb4;

--
-- Volcado de datos para la tabla `presentacion`
--

INSERT INTO `presentacion` (`id`, `nombre`, `nombre_corto`) VALUES
(5, '32GB', 'GIGABYTE'),
(6, '64GB', 'GIGABYTE'),
(7, '128GB', 'GIGABYTE'),
(8, '256GB', 'GIGABYTE'),
(9, '1T', 'TERABYTE'),
(10, '556GB', 'GIGABYTE');

-- --------------------------------------------------------

--
-- Estructura de tabla para la tabla `producto`
--

CREATE TABLE `producto` (
  `codproducto` int(11) NOT NULL,
  `codigo` varchar(20) COLLATE utf8_spanish_ci NOT NULL,
  `descripcion` varchar(200) COLLATE utf8_spanish_ci NOT NULL,
  `precio` decimal(10,2) NOT NULL,
  `existencia` int(11) NOT NULL,
  `id_lab` int(11) NOT NULL,
  `id_presentacion` int(11) NOT NULL,
  `id_tipo` int(11) NOT NULL,
  `vencimiento` varchar(20) COLLATE utf8_spanish_ci NOT NULL
) ENGINE=InnoDB DEFAULT CHARSET=utf8 COLLATE=utf8_spanish_ci;

--
-- Volcado de datos para la tabla `producto`
--

INSERT INTO `producto` (`codproducto`, `codigo`, `descripcion`, `precio`, `existencia`, `id_lab`, `id_presentacion`, `id_tipo`, `vencimiento`) VALUES
(15, '1234455', 'IPHONE 10', '7000.00', 10, 6, 6, 10, 'APPLE'),
(16, '1234555', 'IPHONE 11', '15000.00', 88, 6, 5, 8, 'APPLE'),
(17, '1234554', 'IPHONE 12', '10000.00', 82, 7, 6, 9, 'APPLE'),
(18, '1235545', 'IPHONE 13', '15050.00', 88, 6, 5, 10, 'APPLE'),
(19, '1236677', 'IPHONE 14', '20000.00', 70, 8, 8, 9, 'APPLE'),
(20, '1237766', 'IPHONE 29', '400000.00', 1000, 6, 6, 10, 'APPLE');

-- --------------------------------------------------------

--
-- Estructura de tabla para la tabla `tipos`
--

CREATE TABLE `tipos` (
  `id` int(11) NOT NULL,
  `tipo` varchar(50) NOT NULL
) ENGINE=InnoDB DEFAULT CHARSET=utf8mb4;

--
-- Volcado de datos para la tabla `tipos`
--

INSERT INTO `tipos` (`id`, `tipo`) VALUES
(6, 'Azul'),
(7, 'Rojo'),
(8, 'Verde'),
(9, 'Negro'),
(10, 'Morado');

-- --------------------------------------------------------

--
-- Estructura de tabla para la tabla `usuario`
--

CREATE TABLE `usuario` (
  `idusuario` int(11) NOT NULL,
  `nombre` varchar(100) COLLATE utf8_spanish_ci NOT NULL,
  `correo` varchar(100) COLLATE utf8_spanish_ci NOT NULL,
  `usuario` varchar(20) COLLATE utf8_spanish_ci NOT NULL,
  `clave` varchar(50) COLLATE utf8_spanish_ci NOT NULL
) ENGINE=InnoDB DEFAULT CHARSET=utf8 COLLATE=utf8_spanish_ci;

--
-- Volcado de datos para la tabla `usuario`
--

INSERT INTO `usuario` (`idusuario`, `nombre`, `correo`, `usuario`, `clave`) VALUES
(1, 'Sistemas Free', 'ana.info1999@gmail.com', 'admin', '21232f297a57a5a743894a0e4a801fc3'),
(9, 'Maria Sanchez', 'maria@gmail.com', 'maria', '263bce650e68ab4e23f28263760b9fa5'),
(12, 'Jonathan', 'jona@gmail.com', 'jona', '21232f297a57a5a743894a0e4a801fc3'),
(13, 'david', 'david@gmail.com', 'david', '21232f297a57a5a743894a0e4a801fc3'),
(14, 'emma', 'emm@gmail.com', 'emma', '21232f297a57a5a743894a0e4a801fc3'),
(15, 'leon', 'leo@gmail.com', 'leo', '21232f297a57a5a743894a0e4a801fc3');

-- --------------------------------------------------------

--
-- Estructura de tabla para la tabla `ventas`
--

CREATE TABLE `ventas` (
  `id` int(11) NOT NULL,
  `id_cliente` int(11) NOT NULL,
  `total` decimal(10,2) NOT NULL,
  `id_usuario` int(11) NOT NULL,
  `fecha` timestamp NOT NULL DEFAULT CURRENT_TIMESTAMP ON UPDATE CURRENT_TIMESTAMP
) ENGINE=InnoDB DEFAULT CHARSET=utf8mb4;

--
-- Volcado de datos para la tabla `ventas`
--

INSERT INTO `ventas` (`id`, `id_cliente`, `total`, `id_usuario`, `fecha`) VALUES
(12, 21, '240000.00', 1, '2023-12-04 04:16:59');

--
-- Índices para tablas volcadas
--

--
-- Indices de la tabla `cliente`
--
ALTER TABLE `cliente`
  ADD PRIMARY KEY (`idcliente`);

--
-- Indices de la tabla `configuracion`
--
ALTER TABLE `configuracion`
  ADD PRIMARY KEY (`id`);

--
-- Indices de la tabla `detalle_permisos`
--
ALTER TABLE `detalle_permisos`
  ADD PRIMARY KEY (`id`),
  ADD KEY `id_permiso` (`id_permiso`),
  ADD KEY `id_usuario` (`id_usuario`);

--
-- Indices de la tabla `detalle_temp`
--
ALTER TABLE `detalle_temp`
  ADD PRIMARY KEY (`id`),
  ADD KEY `id_usuario` (`id_usuario`),
  ADD KEY `id_producto` (`id_producto`);

--
-- Indices de la tabla `detalle_venta`
--
ALTER TABLE `detalle_venta`
  ADD PRIMARY KEY (`id`),
  ADD KEY `id_producto` (`id_producto`),
  ADD KEY `id_venta` (`id_venta`);

--
-- Indices de la tabla `laboratorios`
--
ALTER TABLE `laboratorios`
  ADD PRIMARY KEY (`id`);

--
-- Indices de la tabla `permisos`
--
ALTER TABLE `permisos`
  ADD PRIMARY KEY (`id`);

--
-- Indices de la tabla `presentacion`
--
ALTER TABLE `presentacion`
  ADD PRIMARY KEY (`id`);

--
-- Indices de la tabla `producto`
--
ALTER TABLE `producto`
  ADD PRIMARY KEY (`codproducto`);

--
-- Indices de la tabla `tipos`
--
ALTER TABLE `tipos`
  ADD PRIMARY KEY (`id`);

--
-- Indices de la tabla `usuario`
--
ALTER TABLE `usuario`
  ADD PRIMARY KEY (`idusuario`);

--
-- Indices de la tabla `ventas`
--
ALTER TABLE `ventas`
  ADD PRIMARY KEY (`id`),
  ADD KEY `id_usuario` (`id_usuario`),
  ADD KEY `id_cliente` (`id_cliente`);

--
-- AUTO_INCREMENT de las tablas volcadas
--

--
-- AUTO_INCREMENT de la tabla `cliente`
--
ALTER TABLE `cliente`
  MODIFY `idcliente` int(11) NOT NULL AUTO_INCREMENT, AUTO_INCREMENT=26;

--
-- AUTO_INCREMENT de la tabla `configuracion`
--
ALTER TABLE `configuracion`
  MODIFY `id` int(11) NOT NULL AUTO_INCREMENT, AUTO_INCREMENT=2;

--
-- AUTO_INCREMENT de la tabla `detalle_permisos`
--
ALTER TABLE `detalle_permisos`
  MODIFY `id` int(11) NOT NULL AUTO_INCREMENT;

--
-- AUTO_INCREMENT de la tabla `detalle_temp`
--
ALTER TABLE `detalle_temp`
  MODIFY `id` int(11) NOT NULL AUTO_INCREMENT, AUTO_INCREMENT=13;

--
-- AUTO_INCREMENT de la tabla `detalle_venta`
--
ALTER TABLE `detalle_venta`
  MODIFY `id` int(11) NOT NULL AUTO_INCREMENT, AUTO_INCREMENT=11;

--
-- AUTO_INCREMENT de la tabla `laboratorios`
--
ALTER TABLE `laboratorios`
  MODIFY `id` int(11) NOT NULL AUTO_INCREMENT, AUTO_INCREMENT=12;

--
-- AUTO_INCREMENT de la tabla `permisos`
--
ALTER TABLE `permisos`
  MODIFY `id` int(11) NOT NULL AUTO_INCREMENT, AUTO_INCREMENT=10;

--
-- AUTO_INCREMENT de la tabla `presentacion`
--
ALTER TABLE `presentacion`
  MODIFY `id` int(11) NOT NULL AUTO_INCREMENT, AUTO_INCREMENT=11;

--
-- AUTO_INCREMENT de la tabla `producto`
--
ALTER TABLE `producto`
  MODIFY `codproducto` int(11) NOT NULL AUTO_INCREMENT, AUTO_INCREMENT=21;

--
-- AUTO_INCREMENT de la tabla `tipos`
--
ALTER TABLE `tipos`
  MODIFY `id` int(11) NOT NULL AUTO_INCREMENT, AUTO_INCREMENT=11;

--
-- AUTO_INCREMENT de la tabla `usuario`
--
ALTER TABLE `usuario`
  MODIFY `idusuario` int(11) NOT NULL AUTO_INCREMENT, AUTO_INCREMENT=16;

--
-- AUTO_INCREMENT de la tabla `ventas`
--
ALTER TABLE `ventas`
  MODIFY `id` int(11) NOT NULL AUTO_INCREMENT, AUTO_INCREMENT=13;

--
-- Restricciones para tablas volcadas
--

--
-- Filtros para la tabla `detalle_permisos`
--
ALTER TABLE `detalle_permisos`
  ADD CONSTRAINT `detalle_permisos_ibfk_1` FOREIGN KEY (`id_permiso`) REFERENCES `permisos` (`id`) ON DELETE CASCADE ON UPDATE CASCADE,
  ADD CONSTRAINT `detalle_permisos_ibfk_2` FOREIGN KEY (`id_usuario`) REFERENCES `usuario` (`idusuario`) ON DELETE CASCADE ON UPDATE CASCADE;

--
-- Filtros para la tabla `detalle_temp`
--
ALTER TABLE `detalle_temp`
  ADD CONSTRAINT `detalle_temp_ibfk_1` FOREIGN KEY (`id_producto`) REFERENCES `producto` (`codproducto`) ON DELETE CASCADE ON UPDATE CASCADE,
  ADD CONSTRAINT `detalle_temp_ibfk_2` FOREIGN KEY (`id_usuario`) REFERENCES `usuario` (`idusuario`) ON DELETE CASCADE ON UPDATE CASCADE;

--
-- Filtros para la tabla `detalle_venta`
--
ALTER TABLE `detalle_venta`
  ADD CONSTRAINT `detalle_venta_ibfk_1` FOREIGN KEY (`id_producto`) REFERENCES `producto` (`codproducto`) ON DELETE CASCADE ON UPDATE CASCADE,
  ADD CONSTRAINT `detalle_venta_ibfk_2` FOREIGN KEY (`id_venta`) REFERENCES `ventas` (`id`) ON DELETE CASCADE ON UPDATE CASCADE;

--
-- Filtros para la tabla `ventas`
--
ALTER TABLE `ventas`
  ADD CONSTRAINT `ventas_ibfk_1` FOREIGN KEY (`id_cliente`) REFERENCES `cliente` (`idcliente`) ON DELETE CASCADE ON UPDATE CASCADE,
  ADD CONSTRAINT `ventas_ibfk_2` FOREIGN KEY (`id_usuario`) REFERENCES `usuario` (`idusuario`) ON DELETE CASCADE ON UPDATE CASCADE;
COMMIT;

/*!40101 SET CHARACTER_SET_CLIENT=@OLD_CHARACTER_SET_CLIENT */;
/*!40101 SET CHARACTER_SET_RESULTS=@OLD_CHARACTER_SET_RESULTS */;
/*!40101 SET COLLATION_CONNECTION=@OLD_COLLATION_CONNECTION */;
